"","Time","Open","Low","Close","High","Volume","originalClose","Target_Close","Time_in_minutes","Open_lag1","High_lag1","Low_lag1","Close_lag1","Volume_lag1"
"1",2023-05-01 05:00:00,0.0800000000000409,0.180000000000007,0.210000000000036,0.390000000000043,3448,277.3,0.149999999999977,300,NA,NA,NA,NA,NA
"2",2023-05-01 06:00:00,0.0699999999999932,0.120000000000005,0.149999999999977,0.319999999999993,3793,277.45,0.199999999999989,360,0.0800000000000409,0.390000000000043,0.180000000000007,0.210000000000036,3448
"3",2023-05-01 07:00:00,0.20999999999998,1.14999999999998,0.199999999999989,0.599999999999966,53592,277.65,0.0800000000000409,420,0.0699999999999932,0.319999999999993,0.120000000000005,0.149999999999977,3793
"4",2023-05-01 08:00:00,0.170000000000016,0.0500000000000114,0.0800000000000409,0.300000000000011,118586,277.73,0.0699999999999932,480,0.20999999999998,0.599999999999966,1.14999999999998,0.199999999999989,53592
"5",2023-05-01 09:00:00,0.71999999999997,3.5,0.0699999999999932,3.67000000000002,7139371,277.8,3.28999999999996,540,0.170000000000016,0.300000000000011,0.0500000000000114,0.0800000000000409,118586
"6",2023-05-01 10:00:00,3.63000000000005,3.82999999999998,3.28999999999996,3.92000000000002,10899168,281.09,3.17140000000001,600,0.71999999999997,3.67000000000002,3.5,0.0699999999999932,7139371
"7",2023-05-01 11:00:00,4.07999999999998,0.470000000000027,3.17140000000001,0.0600000000000023,8424187,284.2614,1.58860000000004,660,3.63000000000005,3.92000000000002,3.82999999999998,3.28999999999996,10899168
"8",2023-05-01 12:00:00,0.0799999999999841,0.939999999999998,1.58860000000004,1.38719999999995,5723860,285.85,1.71999999999997,720,4.07999999999998,0.0600000000000023,0.470000000000027,3.17140000000001,8424187
"9",2023-05-01 13:00:00,1.31999999999999,1.59999999999997,1.71999999999997,1.5034,6840534,287.57,-0.0199999999999818,780,0.0799999999999841,1.38719999999995,0.939999999999998,1.58860000000004,5723860
"10",2023-05-01 14:00:00,1.56,1.24440000000004,-0.0199999999999818,0.101000000000056,7849572,287.55,0.680000000000007,840,1.31999999999999,1.5034,1.59999999999997,1.71999999999997,6840534
"11",2023-05-01 15:00:00,0.0900000000000318,-0.624400000000037,0.680000000000007,-0.291600000000017,7683013,288.23,0.379999999999995,900,1.56,0.101000000000056,1.24440000000004,-0.0199999999999818,7849572
"12",2023-05-01 16:00:00,-0.200000000000045,-0.45999999999998,0.379999999999995,-0.439999999999998,779445,288.61,-0.650000000000034,960,0.0900000000000318,-0.291600000000017,-0.624400000000037,0.680000000000007,7683013
"13",2023-05-01 17:00:00,-0.449999999999989,-0.5,-0.650000000000034,-0.410000000000025,275162,287.96,0.0900000000000318,1020,-0.200000000000045,-0.439999999999998,-0.45999999999998,0.379999999999995,779445
"14",2023-05-01 18:00:00,-0.610000000000014,-0.310000000000002,0.0900000000000318,0.199999999999989,35607,288.05,-0.449999999999989,1080,-0.449999999999989,-0.410000000000025,-0.5,-0.650000000000034,275162
"15",2023-05-01 19:00:00,0.390000000000043,-0.189999999999998,-0.449999999999989,-0.799999999999955,57387,287.6,0,1140,-0.610000000000014,0.199999999999989,-0.310000000000002,0.0900000000000318,35607
"16",2023-05-02 04:00:00,0.519999999999982,0.5,0,0.120000000000005,18608,287.6,0,240,0.390000000000043,-0.799999999999955,-0.189999999999998,-0.449999999999989,57387
"17",2023-05-02 05:00:00,-1.38999999999999,-0.980000000000018,0,0.17999999999995,10723,287.6,0.0699999999999932,300,0.519999999999982,0.120000000000005,0.5,0,18608
"18",2023-05-02 06:00:00,0.159999999999968,-0.0199999999999818,0.0699999999999932,0.0500000000000114,4747,287.67,-0.569999999999993,360,-1.38999999999999,0.17999999999995,-0.980000000000018,0,10723
"19",2023-05-02 07:00:00,0.230000000000018,0,-0.569999999999993,-0.45999999999998,67684,287.1,-0.75,420,0.159999999999968,0.0500000000000114,-0.0199999999999818,0.0699999999999932,4747
"20",2023-05-02 08:00:00,-0.649999999999977,1.00999999999999,-0.75,-0.989900000000034,242917,286.35,-1.95000000000005,480,0.230000000000018,-0.45999999999998,0,-0.569999999999993,67684
"21",2023-05-02 09:00:00,-0.770000000000039,-0.650100000000009,-1.95000000000005,-1.38009999999997,7032163,284.4,-2.66999999999996,540,-0.649999999999977,-0.989900000000034,1.00999999999999,-0.75,242917
"22",2023-05-02 10:00:00,-1.40999999999997,-2.24989999999997,-2.66999999999996,-3.16199999999998,8590995,281.73,0.0199999999999818,600,-0.770000000000039,-1.38009999999997,-0.650100000000009,-1.95000000000005,7032163
"23",2023-05-02 11:00:00,-3.22000000000003,-2.69,0.0199999999999818,0.451999999999998,5745143,281.75,-0.920000000000016,660,-1.40999999999997,-3.16199999999998,-2.24989999999997,-2.66999999999996,8590995
"24",2023-05-02 12:00:00,0.420000000000016,-0.319999999999993,-0.920000000000016,0.239999999999952,4040081,280.83,1.34010000000001,720,-3.22000000000003,0.451999999999998,-2.69,0.0199999999999818,5745143
"25",2023-05-02 13:00:00,0.309899999999971,1.28999999999996,1.34010000000001,1.30000000000001,3525665,282.1701,0.0448999999999842,780,0.420000000000016,0.239999999999952,-0.319999999999993,-0.920000000000016,4040081
"26",2023-05-02 14:00:00,1.27010000000001,-0.269999999999982,0.0448999999999842,-0.38009999999997,3130975,282.215,-1.19499999999999,840,0.309899999999971,1.30000000000001,1.28999999999996,1.34010000000001,3525665
"27",2023-05-02 15:00:00,-0.430000000000007,-0.269999999999982,-1.19499999999999,-1.4699,5164697,281.02,-2.76999999999998,900,1.27010000000001,-0.38009999999997,-0.269999999999982,0.0448999999999842,3130975
"28",2023-05-02 16:00:00,-1.44,0.0600000000000023,-2.76999999999998,-2.84000000000003,833963,278.25,-0.899999999999977,960,-0.430000000000007,-1.4699,-0.269999999999982,-1.19499999999999,5164697
"29",2023-05-02 17:00:00,-2.69999999999999,-4.16000000000003,-0.899999999999977,-0.810000000000002,207714,277.35,0.339999999999975,1020,-1.44,-2.84000000000003,0.0600000000000023,-2.76999999999998,833963
"30",2023-05-02 18:00:00,-0.939999999999998,-1.14999999999998,0.339999999999975,-0.349999999999966,84770,277.69,0.220000000000027,1080,-2.69999999999999,-0.810000000000002,-4.16000000000003,-0.899999999999977,207714
"31",2023-05-02 19:00:00,-0.339999999999975,0.379999999999995,0.220000000000027,0.42999999999995,54214,277.91,0.560000000000002,1140,-0.939999999999998,-0.349999999999966,-1.14999999999998,0.339999999999975,84770
"32",2023-05-03 04:00:00,1,0.889999999999986,0.560000000000002,0.740000000000009,16722,278.47,0.529999999999973,240,-0.339999999999975,0.42999999999995,0.379999999999995,0.220000000000027,54214
"33",2023-05-03 05:00:00,0.579999999999984,-0.170000000000016,0.529999999999973,-0.259999999999991,5466,279,-0.529999999999973,300,1,0.740000000000009,0.889999999999986,0.560000000000002,16722
"34",2023-05-03 06:00:00,-0.610000000000014,-0.629999999999995,-0.529999999999973,-0.310000000000002,13854,278.47,0.129999999999995,360,0.579999999999984,-0.259999999999991,-0.170000000000016,0.529999999999973,5466
"35",2023-05-03 07:00:00,-0.269999999999982,1.68000000000001,0.129999999999995,1.90000000000003,106762,278.6,-1.27000000000004,420,-0.610000000000014,-0.310000000000002,-0.629999999999995,-0.529999999999973,13854
"36",2023-05-03 08:00:00,0.0999999999999659,0.139999999999986,-1.27000000000004,-0.840000000000032,156018,277.33,-2.60999999999996,480,-0.269999999999982,1.90000000000003,1.68000000000001,0.129999999999995,106762
"37",2023-05-03 09:00:00,0.900000000000034,-0.199999999999989,-2.60999999999996,-2.99000000000001,6717707,274.72,1.94,540,0.0999999999999659,-0.840000000000032,0.139999999999986,-1.27000000000004,156018
"38",2023-05-03 10:00:00,-2.98000000000002,-0.350000000000023,1.94,2.26429999999999,7049249,276.66,0.399999999999977,600,0.900000000000034,-2.99000000000001,-0.199999999999989,-2.60999999999996,6717707
"39",2023-05-03 11:00:00,2.22000000000003,-1.15999999999997,0.399999999999977,-0.184299999999951,3560469,277.06,1.31,660,-2.98000000000002,2.26429999999999,-0.350000000000023,1.94,7049249
"40",2023-05-03 12:00:00,-0.180000000000007,0.15809999999999,1.31,0.439999999999998,2265053,278.37,-0.109899999999982,720,2.22000000000003,-0.184299999999951,-1.15999999999997,0.399999999999977,3560469
"41",2023-05-03 13:00:00,0.439999999999998,1.1019,-0.109899999999982,0.949999999999989,2351709,278.2601,0.639899999999955,780,-0.180000000000007,0.439999999999998,0.15809999999999,1.31,2265053
"42",2023-05-03 14:00:00,0.850099999999998,3.23000000000002,0.639899999999955,1.54500000000002,7290594,278.9,-1.07999999999998,840,0.439999999999998,0.949999999999989,1.1019,-0.109899999999982,2351709
"43",2023-05-03 15:00:00,1.7199,-0.75,-1.07999999999998,-3.77500000000003,7094361,277.82,-0.319999999999993,900,0.850099999999998,1.54500000000002,3.23000000000002,0.639899999999955,7290594
"44",2023-05-03 16:00:00,-3.87,-4.22000000000003,-0.319999999999993,-0.230000000000018,458390,277.5,-1.69999999999999,960,1.7199,-3.77500000000003,-0.75,-1.07999999999998,7094361
"45",2023-05-03 17:00:00,-0.259999999999991,-0.699999999999989,-1.69999999999999,-1.52999999999997,101784,275.8,-0.53000000000003,1020,-3.87,-0.230000000000018,-4.22000000000003,-0.319999999999993,458390
"46",2023-05-03 18:00:00,-1.26999999999998,-1.35000000000002,-0.53000000000003,0.170000000000016,68396,275.27,0.980000000000018,1080,-0.259999999999991,-1.52999999999997,-0.699999999999989,-1.69999999999999,101784
"47",2023-05-03 19:00:00,-0.0200000000000387,0.150000000000034,0.980000000000018,0.329999999999984,31194,276.25,1.69,1140,-1.26999999999998,0.170000000000016,-1.35000000000002,-0.53000000000003,68396
"48",2023-05-04 04:00:00,1.49000000000001,1.94999999999999,1.69,1.36000000000001,12746,277.94,-0.399999999999977,240,-0.0200000000000387,0.329999999999984,0.150000000000034,0.980000000000018,31194
"49",2023-05-04 05:00:00,0.45999999999998,-0.350000000000023,-0.399999999999977,-0.569999999999993,3737,277.54,-0.520000000000039,300,1.49000000000001,1.36000000000001,1.94999999999999,1.69,12746
"50",2023-05-04 06:00:00,-1.12,-0.949999999999989,-0.520000000000039,-0.400000000000034,5916,277.02,-0.490000000000009,360,0.45999999999998,-0.569999999999993,-0.350000000000023,-0.399999999999977,3737
"51",2023-05-04 07:00:00,-0.269999999999982,-0.0500000000000114,-0.490000000000009,0.259999999999991,24525,276.53,-0.117599999999982,420,-1.12,-0.400000000000034,-0.949999999999989,-0.520000000000039,5916
"52",2023-05-04 08:00:00,0.340000000000032,2.20000000000005,-0.117599999999982,-0.791099999999972,98726,276.4124,-1.60239999999999,480,-0.269999999999982,0.259999999999991,-0.0500000000000114,-0.490000000000009,24525
"53",2023-05-04 09:00:00,-0.850000000000023,-1.68010000000004,-1.60239999999999,0.691100000000006,4199977,274.81,-0.969899999999996,540,0.340000000000032,-0.791099999999972,2.20000000000005,-0.117599999999982,98726
"54",2023-05-04 10:00:00,0.779999999999973,0.670099999999991,-0.969899999999996,-1.80500000000001,6077426,273.8401,1.48989999999998,600,-0.850000000000023,0.691100000000006,-1.68010000000004,-1.60239999999999,4199977
"55",2023-05-04 11:00:00,-1.80999999999995,-1.41249999999997,1.48989999999998,1.13499999999999,2943131,275.33,-0.240000000000009,660,0.779999999999973,-1.80500000000001,0.670099999999991,-0.969899999999996,6077426
"56",2023-05-04 12:00:00,1.15499999999997,-0.00749999999999318,-0.240000000000009,0.490000000000009,2478924,275.09,-2.69,720,-1.80999999999995,1.13499999999999,-1.41249999999997,1.48989999999998,2943131
"57",2023-05-04 13:00:00,0.514999999999986,1.18000000000001,-2.69,-0.649999999999977,7803072,272.4,1.40000000000003,780,1.15499999999997,0.490000000000009,-0.00749999999999318,-0.240000000000009,2478924
"58",2023-05-04 14:00:00,-0.669999999999959,-1.75,1.40000000000003,-1.79000000000002,2993569,273.8,0.649999999999977,840,0.514999999999986,-0.649999999999977,1.18000000000001,-2.69,7803072
"59",2023-05-04 15:00:00,-1.83000000000004,-0.220000000000027,0.649999999999977,0.939999999999998,3479843,274.45,0.300000000000011,900,-0.669999999999959,-1.79000000000002,-1.75,1.40000000000003,2993569
"60",2023-05-04 16:00:00,0.980000000000018,-0.0799999999999841,0.300000000000011,-0.519999999999982,583847,274.75,0.25,960,-1.83000000000004,0.939999999999998,-0.220000000000027,0.649999999999977,3479843
"61",2023-05-04 17:00:00,-0.54000000000002,-0.680000000000007,0.25,0.25,170576,275,0.399999999999977,1020,0.980000000000018,-0.519999999999982,-0.0799999999999841,0.300000000000011,583847
"62",2023-05-04 18:00:00,0.350000000000023,0.129999999999995,0.399999999999977,0.399999999999977,15726,275.4,0.32000000000005,1080,-0.54000000000002,0.25,-0.680000000000007,0.25,170576
"63",2023-05-04 19:00:00,0.29000000000002,1.12,0.32000000000005,1.05000000000001,26479,275.72,0.139999999999986,1140,0.350000000000023,0.399999999999977,0.129999999999995,0.399999999999977,15726
"64",2023-05-05 04:00:00,0.779999999999973,-0.180000000000007,0.139999999999986,-0.170000000000016,6298,275.86,0.550000000000011,240,0.29000000000002,1.05000000000001,1.12,0.32000000000005,26479
"65",2023-05-05 05:00:00,0.240000000000009,0.100000000000023,0.550000000000011,0.0699999999999932,2937,276.41,-0.0200000000000387,300,0.779999999999973,-0.170000000000016,-0.180000000000007,0.139999999999986,6298
"66",2023-05-05 06:00:00,-0.350000000000023,0.20999999999998,-0.0200000000000387,0.300000000000011,3672,276.39,0.560000000000002,360,0.240000000000009,0.0699999999999932,0.100000000000023,0.550000000000011,2937
"67",2023-05-05 07:00:00,0.610000000000014,0.620000000000005,0.560000000000002,0,32598,276.95,-0.540999999999997,420,-0.350000000000023,0.300000000000011,0.20999999999998,-0.0200000000000387,3672
"68",2023-05-05 08:00:00,-0.100000000000023,0.777600000000007,-0.540999999999997,0.850000000000023,368224,276.409,0.90100000000001,480,0.610000000000014,0,0.620000000000005,0.560000000000002,32598
"69",2023-05-05 09:00:00,0.980000000000018,2.8424,0.90100000000001,3.02379999999999,5027146,277.31,3.14999999999998,540,-0.100000000000023,0.850000000000023,0.777600000000007,-0.540999999999997,368224
"70",2023-05-05 10:00:00,3.07999999999998,3.75,3.14999999999998,3.05619999999999,7517443,280.46,2.80000000000001,600,0.980000000000018,3.02379999999999,2.8424,0.90100000000001,5027146
"71",2023-05-05 11:00:00,2.97000000000003,-0.460000000000036,2.80000000000001,-0.199999999999989,4292955,283.26,-0.22890000000001,660,3.07999999999998,3.05619999999999,3.75,3.14999999999998,7517443
"72",2023-05-05 12:00:00,-0.129999999999995,-0.259999999999991,-0.22890000000001,0.409999999999968,2533159,283.0311,0.958900000000028,720,2.97000000000003,-0.199999999999989,-0.460000000000036,2.80000000000001,4292955
"73",2023-05-05 13:00:00,0.360000000000014,1.84000000000003,0.958900000000028,1.92000000000002,3728905,283.99,1.65999999999997,780,-0.129999999999995,0.409999999999968,-0.259999999999991,-0.22890000000001,2533159
"74",2023-05-05 14:00:00,1.91999999999996,1.38999999999999,1.65999999999997,1.16000000000003,3904621,285.65,0.580000000000041,840,0.360000000000014,1.92000000000002,1.84000000000003,0.958900000000028,3728905
"75",2023-05-05 15:00:00,1.12,0.0500000000000114,0.580000000000041,-0.440000000000055,5450162,286.23,-0.160000000000025,900,1.91999999999996,1.16000000000003,1.38999999999999,1.65999999999997,3904621
"76",2023-05-05 16:00:00,-0.399999999999977,-0.579999999999984,-0.160000000000025,-0.180099999999982,747320,286.07,0.45999999999998,960,1.12,-0.440000000000055,0.0500000000000114,0.580000000000041,5450162
"77",2023-05-05 17:00:00,-0.199999999999989,-0.270000000000039,0.45999999999998,-0.0459000000000174,23411,286.53,-0.21999999999997,1020,-0.399999999999977,-0.180099999999982,-0.579999999999984,-0.160000000000025,747320
"78",2023-05-05 18:00:00,-0.0500000000000114,-0.0999999999999659,-0.21999999999997,0.0158000000000129,18770,286.31,0.0500000000000114,1080,-0.199999999999989,-0.0459000000000174,-0.270000000000039,0.45999999999998,23411
"79",2023-05-05 19:00:00,-0.0300000000000296,0.0499999999999545,0.0500000000000114,-0.0498000000000047,27712,286.36,-0.560000000000002,1140,-0.0500000000000114,0.0158000000000129,-0.0999999999999659,-0.21999999999997,18770
"80",2023-05-08 04:00:00,0.480000000000018,0.350000000000023,-0.560000000000002,-0.71999999999997,11190,285.8,-0.5,240,-0.0300000000000296,-0.0498000000000047,0.0499999999999545,0.0500000000000114,27712
"81",2023-05-08 05:00:00,-1.20999999999998,-1.20999999999998,-0.5,-0.220000000000027,8571,285.3,0.170000000000016,300,0.480000000000018,-0.71999999999997,0.350000000000023,-0.560000000000002,11190
"82",2023-05-08 06:00:00,-0.29000000000002,-0.170000000000016,0.170000000000016,-0.0999999999999659,3740,285.47,0.0299999999999727,360,-1.20999999999998,-0.220000000000027,-1.20999999999998,-0.5,8571
"83",2023-05-08 07:00:00,0,0.600000000000023,0.0299999999999727,0.46999999999997,26605,285.5,-0.389999999999986,420,-0.29000000000002,-0.0999999999999659,-0.170000000000016,0.170000000000016,3740
"84",2023-05-08 08:00:00,0.399999999999977,0.279999999999973,-0.389999999999986,-0.699999999999989,128682,285.11,-1.61000000000001,480,0,0.46999999999997,0.600000000000023,0.0299999999999727,26605
"85",2023-05-08 09:00:00,-0.649999999999977,-0.370000000000005,-1.61000000000001,-0.480000000000018,4194264,283.5,0.230000000000018,540,0.399999999999977,-0.699999999999989,0.279999999999973,-0.389999999999986,128682
"86",2023-05-08 10:00:00,-0.449999999999989,0.840000000000032,0.230000000000018,1.75999999999999,5462086,283.73,2.67009999999999,600,-0.649999999999977,-0.480000000000018,-0.370000000000005,-1.61000000000001,4194264
"87",2023-05-08 11:00:00,1.73500000000001,2.38,2.67009999999999,2.72000000000003,5388047,286.4001,1.92989999999998,660,-0.449999999999989,1.75999999999999,0.840000000000032,0.230000000000018,5462086
"88",2023-05-08 12:00:00,2.71349999999995,0.499899999999968,1.92989999999998,0.477399999999989,3369872,288.33,0.480000000000018,720,1.73500000000001,2.72000000000003,2.38,2.67009999999999,5388047
"89",2023-05-08 13:00:00,0.511500000000012,0.732599999999991,0.480000000000018,0.142600000000016,3412646,288.81,-0.639999999999986,780,2.71349999999995,0.477399999999989,0.499899999999968,1.92989999999998,3369872
"90",2023-05-08 14:00:00,0.0799999999999841,1.40750000000003,-0.639999999999986,1.96469999999999,5144165,288.17,3.12,840,0.511500000000012,0.142600000000016,0.732599999999991,0.480000000000018,3412646
"91",2023-05-08 15:00:00,2,0.20999999999998,3.12,-0.294699999999978,5767540,291.29,-0.400000000000034,900,0.0799999999999841,1.96469999999999,1.40750000000003,-0.639999999999986,5144165
"92",2023-05-08 16:00:00,-0.329999999999984,-0.599999999999966,-0.400000000000034,-0.410000000000025,466733,290.89,0.230000000000018,960,2,-0.294699999999978,0.20999999999998,3.12,5767540
"93",2023-05-08 17:00:00,-0.389999999999986,-0.0900000000000318,0.230000000000018,0.0699999999999932,22170,291.12,-0.519999999999982,1020,-0.329999999999984,-0.410000000000025,-0.599999999999966,-0.400000000000034,466733
"94",2023-05-08 18:00:00,0.0299999999999727,-0.279999999999973,-0.519999999999982,-0.399999999999977,25542,290.6,0.0499999999999545,1080,-0.389999999999986,0.0699999999999932,-0.0900000000000318,0.230000000000018,22170
"95",2023-05-08 19:00:00,-0.299999999999955,-0.330000000000041,0.0499999999999545,0.0500000000000114,20775,290.65,-1.42999999999995,1140,0.0299999999999727,-0.399999999999977,-0.279999999999973,-0.519999999999982,25542
"96",2023-05-09 04:00:00,-0.850000000000023,-0.399999999999977,-1.42999999999995,-1.43000000000001,12873,289.22,-0.180000000000007,240,-0.299999999999955,0.0500000000000114,-0.330000000000041,0.0499999999999545,20775
"97",2023-05-09 05:00:00,-0.769999999999982,-1.19,-0.180000000000007,-0.379999999999995,3337,289.04,0.089999999999975,300,-0.850000000000023,-1.43000000000001,-0.399999999999977,-1.42999999999995,12873
"98",2023-05-09 06:00:00,0.120000000000005,0.110000000000014,0.089999999999975,0.259999999999991,2764,289.13,0.0199999999999818,360,-0.769999999999982,-0.379999999999995,-1.19,-0.180000000000007,3337
"99",2023-05-09 07:00:00,0.120000000000005,0.0699999999999932,0.0199999999999818,0.110000000000014,54652,289.15,-0.919999999999959,420,0.120000000000005,0.259999999999991,0.110000000000014,0.089999999999975,2764
"100",2023-05-09 08:00:00,1.42999999999995,1.40999999999997,-0.919999999999959,-0.410000000000025,229984,288.23,-2.56,480,0.120000000000005,0.110000000000014,0.0699999999999932,0.0199999999999818,54652
"101",2023-05-09 09:00:00,-1.89999999999998,-1.16999999999996,-2.56,-1.86000000000001,5468918,285.67,-0.710000000000036,540,1.42999999999995,-0.410000000000025,1.40999999999997,-0.919999999999959,229984
"102",2023-05-09 10:00:00,-1.81999999999999,-2.11000000000001,-0.710000000000036,-1.19,5859063,284.96,-0.289999999999964,600,-1.89999999999998,-1.86000000000001,-1.16999999999996,-2.56,5468918
"103",2023-05-09 11:00:00,-1.25990000000002,-1.17000000000002,-0.289999999999964,-0.990000000000009,3469122,284.67,-0.170000000000016,660,-1.81999999999999,-1.19,-2.11000000000001,-0.710000000000036,5859063
"104",2023-05-09 12:00:00,-0.990099999999984,0.459900000000005,-0.170000000000016,1.36270000000002,3386275,284.5,1.12,720,-1.25990000000002,-0.990000000000009,-1.17000000000002,-0.289999999999964,3469122
"105",2023-05-09 13:00:00,1.40999999999997,-0.0520000000000209,1.12,0.507299999999987,2318126,285.62,0.889999999999986,780,-0.990099999999984,1.36270000000002,0.459900000000005,-0.170000000000016,3386275
"106",2023-05-09 14:00:00,0.53000000000003,0.832100000000025,0.889999999999986,0.20010000000002,2990747,286.51,-1.18000000000001,840,1.40999999999997,0.507299999999987,-0.0520000000000209,1.12,2318126
"107",2023-05-09 15:00:00,0.180000000000007,-0.329999999999984,-1.18000000000001,-1.33010000000002,4320228,285.33,-0.21999999999997,900,0.53000000000003,0.20010000000002,0.832100000000025,0.889999999999986,2990747
"108",2023-05-09 16:00:00,-1.34000000000003,-1.65000000000003,-0.21999999999997,-0.569999999999993,878669,285.11,-0.110000000000014,960,0.180000000000007,-1.33010000000002,-0.329999999999984,-1.18000000000001,4320228
"109",2023-05-09 17:00:00,-0.569999999999993,-0.319999999999993,-0.110000000000014,0.259999999999991,21414,285,0.29000000000002,1020,-1.34000000000003,-0.569999999999993,-1.65000000000003,-0.21999999999997,878669
"110",2023-05-09 18:00:00,0.25,0.189999999999998,0.29000000000002,0.110000000000014,13531,285.29,0.0799999999999841,1080,-0.569999999999993,0.259999999999991,-0.319999999999993,-0.110000000000014,21414
"111",2023-05-09 19:00:00,0.160000000000025,0.0699999999999932,0.0799999999999841,0.120000000000005,15570,285.37,-0.949999999999989,1140,0.25,0.110000000000014,0.189999999999998,0.29000000000002,13531
"112",2023-05-10 04:00:00,-1.05000000000001,-0.71999999999997,-0.949999999999989,-0.689999999999998,6610,284.42,0.319999999999993,240,0.160000000000025,0.120000000000005,0.0699999999999932,0.0799999999999841,15570
"113",2023-05-10 05:00:00,0.240000000000009,0.180000000000007,0.319999999999993,0.180000000000007,1833,284.74,0.25,300,-1.05000000000001,-0.689999999999998,-0.71999999999997,-0.949999999999989,6610
"114",2023-05-10 06:00:00,0.360000000000014,0.120000000000005,0.25,-0.110000000000014,3510,284.99,0.0299999999999727,360,0.240000000000009,0.180000000000007,0.180000000000007,0.319999999999993,1833
"115",2023-05-10 07:00:00,0.189999999999998,1,0.0299999999999727,0.70999999999998,49826,285.02,0.160000000000025,420,0.360000000000014,-0.110000000000014,0.120000000000005,0.25,3510
"116",2023-05-10 08:00:00,0.839999999999975,3.75,0.160000000000025,4.18000000000001,540171,285.18,1.70699999999999,480,0.189999999999998,0.70999999999998,1,0.0299999999999727,49826
"117",2023-05-10 09:00:00,3.74689999999998,1.14999999999998,1.70699999999999,-1.03999999999996,6160028,286.887,-0.0769999999999982,540,0.839999999999975,4.18000000000001,3.75,0.160000000000025,540171
"118",2023-05-10 10:00:00,-0.976900000000001,-0.170000000000016,-0.0769999999999982,-1.01000000000005,6955119,286.81,0.769999999999982,600,3.74689999999998,-1.03999999999996,1.14999999999998,1.70699999999999,6160028
"119",2023-05-10 11:00:00,-1.06999999999999,-0.832699999999988,0.769999999999982,1.40000000000003,3974888,287.58,0.10590000000002,660,-0.976900000000001,-1.01000000000005,-0.170000000000016,-0.0769999999999982,6955119
"120",2023-05-10 12:00:00,1.37,-0.597300000000018,0.10590000000002,-1.15000000000003,2902009,287.6859,-3.07310000000001,720,-1.06999999999999,1.40000000000003,-0.832699999999988,0.769999999999982,3974888
"121",2023-05-10 13:00:00,-1.12,-1.33999999999997,-3.07310000000001,-2.01999999999998,4039723,284.6128,1.18720000000002,780,1.37,-1.15000000000003,-0.597300000000018,0.10590000000002,2902009
"122",2023-05-10 14:00:00,-2.05000000000001,0.800000000000011,1.18720000000002,2.32499999999999,4742210,285.8,2.12,840,-1.12,-2.01999999999998,-1.33999999999997,-3.07310000000001,4039723
"123",2023-05-10 15:00:00,2.38650000000001,1.32999999999998,2.12,0.465000000000032,5287328,287.92,0.899999999999977,900,-2.05000000000001,2.32499999999999,0.800000000000011,1.18720000000002,4742210
"124",2023-05-10 16:00:00,0.433500000000038,-1.31999999999999,0.899999999999977,0.0398999999999887,668015,288.82,0.0300000000000296,960,2.38650000000001,0.465000000000032,1.32999999999998,2.12,5287328
"125",2023-05-10 17:00:00,0,0.350000000000023,0.0300000000000296,0.400100000000009,26594,288.85,0.250099999999975,1020,0.433500000000038,0.0398999999999887,-1.31999999999999,0.899999999999977,668015
"126",2023-05-10 18:00:00,0.370000000000005,0.0999999999999659,0.250099999999975,-0.0300000000000296,12767,289.1001,-9.99999999748979e-05,1080,0,0.400100000000009,0.350000000000023,0.0300000000000296,26594
"127",2023-05-10 19:00:00,0.0499999999999545,-0.149999999999977,-9.99999999748979e-05,-0.120000000000005,21211,289.1,0.239999999999952,1140,0.370000000000005,-0.0300000000000296,0.0999999999999659,0.250099999999975,12767
"128",2023-05-11 04:00:00,0.720000000000027,0.689999999999998,0.239999999999952,0.590000000000032,9833,289.34,0.360000000000014,240,0.0499999999999545,-0.120000000000005,-0.149999999999977,-9.99999999748979e-05,21211
"129",2023-05-11 05:00:00,-0.00999999999999091,0.610000000000014,0.360000000000014,0.779999999999973,8816,289.7,0.150000000000034,300,0.720000000000027,0.590000000000032,0.689999999999998,0.239999999999952,9833
"130",2023-05-11 06:00:00,0.620000000000005,0.120000000000005,0.150000000000034,-0.139999999999986,13919,289.85,-0.54000000000002,360,-0.00999999999999091,0.779999999999973,0.610000000000014,0.360000000000014,8816
"131",2023-05-11 07:00:00,-0.220000000000027,-0.32000000000005,-0.54000000000002,-0.730000000000018,61421,289.31,-0.45999999999998,420,0.620000000000005,-0.139999999999986,0.120000000000005,0.150000000000034,13919
"132",2023-05-11 08:00:00,-0.439999999999998,0.200000000000045,-0.45999999999998,0.200000000000045,155753,288.85,-3.73000000000002,480,-0.220000000000027,-0.730000000000018,-0.32000000000005,-0.54000000000002,61421
"133",2023-05-11 09:00:00,-0.089999999999975,-0.600000000000023,-3.73000000000002,-4.40930000000003,4164917,285.12,-2.66000000000003,540,-0.439999999999998,0.200000000000045,0.200000000000045,-0.45999999999998,155753
"134",2023-05-11 10:00:00,-4.39000000000004,-3.77999999999997,-2.66000000000003,-1.36070000000001,7909202,282.46,1.31999999999999,600,-0.089999999999975,-4.40930000000003,-0.600000000000023,-3.73000000000002,4164917
"135",2023-05-11 11:00:00,-1.37,0.519999999999982,1.31999999999999,2.43000000000001,4867369,283.78,1.95000000000005,660,-4.39000000000004,-1.36070000000001,-3.77999999999997,-2.66000000000003,7909202
"136",2023-05-11 12:00:00,2.43010000000004,0.46999999999997,1.95000000000005,-0.310000000000002,3384935,285.73,-1.60000000000002,720,-1.37,2.43000000000001,0.519999999999982,1.31999999999999,4867369
"137",2023-05-11 13:00:00,-0.290099999999995,-0.639999999999986,-1.60000000000002,-0.909999999999968,3575171,284.13,0.845000000000027,780,2.43010000000004,-0.310000000000002,0.46999999999997,1.95000000000005,3384935
"138",2023-05-11 14:00:00,-0.920000000000016,-0.269999999999982,0.845000000000027,0.789999999999964,2595009,284.975,0.0249999999999773,840,-0.290099999999995,-0.909999999999968,-0.639999999999986,-1.60000000000002,3575171
"139",2023-05-11 15:00:00,0.75,0.0999999999999659,0.0249999999999773,-0.269999999999982,3371651,285,0.629999999999995,900,-0.920000000000016,0.789999999999964,-0.269999999999982,0.845000000000027,2595009
"140",2023-05-11 16:00:00,-0.28000000000003,-0.399999999999977,0.629999999999995,0.110000000000014,662476,285.63,-0.33929999999998,960,0.75,-0.269999999999982,0.0999999999999659,0.0249999999999773,3371651
"141",2023-05-11 17:00:00,0.210000000000036,0.129999999999995,-0.33929999999998,-0.0900000000000318,37763,285.2907,0.459299999999985,1020,-0.28000000000003,0.110000000000014,-0.399999999999977,0.629999999999995,662476
"142",2023-05-11 18:00:00,-0.240000000000009,0.220000000000027,0.459299999999985,0.520000000000039,17557,285.75,0.300000000000011,1080,0.210000000000036,-0.0900000000000318,0.129999999999995,-0.33929999999998,37763
"143",2023-05-11 19:00:00,0.470000000000027,0.0999999999999659,0.300000000000011,0.089999999999975,25392,286.05,0.550000000000011,1140,-0.240000000000009,0.520000000000039,0.220000000000027,0.459299999999985,17557
"144",2023-05-12 04:00:00,0.379999999999995,0.550000000000011,0.550000000000011,0.389999999999986,3405,286.6,-1.60000000000002,240,0.470000000000027,0.089999999999975,0.0999999999999659,0.300000000000011,25392
"145",2023-05-12 05:00:00,0.229999999999961,1,-1.60000000000002,-1.82999999999998,26796,285,-1.31,300,0.379999999999995,0.389999999999986,0.550000000000011,0.550000000000011,3405
"146",2023-05-12 06:00:00,-1.82999999999998,-2.80000000000001,-1.31,0.199999999999989,16709,283.69,1.41000000000003,360,0.229999999999961,-1.82999999999998,1,-1.60000000000002,26796
"147",2023-05-12 07:00:00,0.199999999999989,0.650000000000034,1.41000000000003,0.00999999999999091,45415,285.1,-0.32000000000005,420,-1.82999999999998,0.199999999999989,-2.80000000000001,-1.31,16709
"148",2023-05-12 08:00:00,-0.199999999999989,1.64999999999998,-0.32000000000005,0.240000000000009,120919,284.78,0.100000000000023,480,0.199999999999989,0.00999999999999091,0.650000000000034,1.41000000000003,45415
"149",2023-05-12 09:00:00,0.350000000000023,0.300000000000011,0.100000000000023,0.199999999999989,4257904,284.88,-2.46999999999997,540,-0.199999999999989,0.240000000000009,1.64999999999998,-0.32000000000005,120919
"150",2023-05-12 10:00:00,0.269999999999982,-1.75999999999999,-2.46999999999997,-2.71999999999997,5112580,282.41,-0.510000000000048,600,0.350000000000023,0.199999999999989,0.300000000000011,0.100000000000023,4257904
"151",2023-05-12 11:00:00,-2.68000000000001,-2.11000000000001,-0.510000000000048,0.560000000000002,3770657,281.9,-1.44,660,0.269999999999982,-2.71999999999997,-1.75999999999999,-2.46999999999997,5112580
"152",2023-05-12 12:00:00,0.54000000000002,-0.445400000000006,-1.44,-1.90000000000003,3564055,280.46,0.740100000000041,720,-2.68000000000001,0.560000000000002,-2.11000000000001,-0.510000000000048,3770657
"153",2023-05-12 13:00:00,-1.93000000000001,-0.334600000000023,0.740100000000041,-0.089999999999975,3220116,281.2001,-0.0651000000000295,780,0.54000000000002,-1.90000000000003,-0.445400000000006,-1.44,3564055
"154",2023-05-12 14:00:00,-0.0500000000000114,-0.997799999999984,-0.0651000000000295,0.54000000000002,2280681,281.135,0.758399999999995,840,-1.93000000000001,-0.089999999999975,-0.334600000000023,0.740100000000041,3220116
"155",2023-05-12 15:00:00,0.550000000000011,1.43779999999998,0.758399999999995,1.34999999999997,3594607,281.8934,0.98660000000001,900,-0.0500000000000114,0.54000000000002,-0.997799999999984,-0.0651000000000295,2280681
"156",2023-05-12 16:00:00,1.33999999999997,-0.189999999999998,0.98660000000001,-0.439999999999998,187688,282.88,-0.259999999999991,960,0.550000000000011,1.34999999999997,1.43779999999998,0.758399999999995,3594607
"157",2023-05-12 17:00:00,-0.46999999999997,-0.479999999999961,-0.259999999999991,-0.20999999999998,9402,282.62,0,1020,1.33999999999997,-0.439999999999998,-0.189999999999998,0.98660000000001,187688
"158",2023-05-12 18:00:00,-0.170000000000016,-0.122200000000021,0,-0.110000000000014,9024,282.62,-0.0199999999999818,1080,-0.46999999999997,-0.20999999999998,-0.479999999999961,-0.259999999999991,9402
"159",2023-05-12 19:00:00,-0.129999999999995,0.0421999999999798,-0.0199999999999818,0.0699999999999932,6239,282.6,0.560000000000002,1140,-0.170000000000016,-0.110000000000014,-0.122200000000021,0,9024
"160",2023-05-15 04:00:00,0.939999999999998,1.60000000000002,0.560000000000002,0.879999999999995,11161,283.16,0.21999999999997,240,-0.129999999999995,0.0699999999999932,0.0421999999999798,-0.0199999999999818,6239
"161",2023-05-15 05:00:00,0.0400000000000205,-0.300000000000011,0.21999999999997,0.439999999999998,6794,283.38,0.319999999999993,300,0.939999999999998,0.879999999999995,1.60000000000002,0.560000000000002,11161
"162",2023-05-15 06:00:00,0.449999999999989,0.100000000000023,0.319999999999993,0.220000000000027,3077,283.7,0,360,0.0400000000000205,0.439999999999998,-0.300000000000011,0.21999999999997,6794
"163",2023-05-15 07:00:00,-0.00999999999999091,0.0600000000000023,0,0,30539,283.7,-0.800000000000011,420,0.449999999999989,0.220000000000027,0.100000000000023,0.319999999999993,3077
"164",2023-05-15 08:00:00,-0.939999999999998,0.339999999999975,-0.800000000000011,-0.0300000000000296,100762,282.9,-0.359999999999957,480,-0.00999999999999091,0,0.0600000000000023,0,30539
"165",2023-05-15 09:00:00,1.19999999999999,0.710000000000036,-0.359999999999957,-1.63989999999995,3640622,282.54,-1.02000000000004,540,-0.939999999999998,-0.0300000000000296,0.339999999999975,-0.800000000000011,100762
"166",2023-05-15 10:00:00,-1.69,-1.12,-1.02000000000004,1.05149999999998,3973174,281.52,1.96000000000004,600,1.19999999999999,-1.63989999999995,0.710000000000036,-0.359999999999957,3640622
"167",2023-05-15 11:00:00,1.03800000000001,3.19999999999999,1.96000000000004,3.70780000000002,5223415,283.48,3.31,660,-1.69,1.05149999999998,-1.12,-1.02000000000004,3973174
"168",2023-05-15 12:00:00,3.68199999999996,0.949900000000014,3.31,0.780599999999993,3484496,286.79,0.640099999999961,720,1.03800000000001,3.70780000000002,3.19999999999999,1.96000000000004,5223415
"169",2023-05-15 13:00:00,0.879999999999995,0.4101,0.640099999999961,0.0949999999999704,3193364,287.4301,0.549900000000036,780,3.68199999999996,0.780599999999993,0.949900000000014,3.31,3484496
"170",2023-05-15 14:00:00,0,0.5,0.549900000000036,0.520000000000039,3146114,287.98,0.21999999999997,840,0.879999999999995,0.0949999999999704,0.4101,0.640099999999961,3193364
"171",2023-05-15 15:00:00,0.5,0.399999999999977,0.21999999999997,0.864999999999952,3835404,288.2,0.870000000000005,900,0,0.520000000000039,0.5,0.549900000000036,3146114
"172",2023-05-15 16:00:00,0.819999999999993,0.0600000000000023,0.870000000000005,-0.42999999999995,1153728,289.07,0.128500000000031,960,0.5,0.864999999999952,0.399999999999977,0.21999999999997,3835404
"173",2023-05-15 17:00:00,-0.239999999999952,-0.259999999999991,0.128500000000031,0.329999999999984,22300,289.1985,0.0914999999999964,1020,0.819999999999993,-0.42999999999995,0.0600000000000023,0.870000000000005,1153728
"174",2023-05-15 18:00:00,0.194199999999967,0,0.0914999999999964,-0.100000000000023,20330,289.29,-0.0100000000000477,1080,-0.239999999999952,0.329999999999984,-0.259999999999991,0.128500000000031,22300
"175",2023-05-15 19:00:00,-0.134199999999964,-0.0699999999999932,-0.0100000000000477,0.0300000000000296,23696,289.28,-0.169999999999959,1140,0.194199999999967,-0.100000000000023,0,0.0914999999999964,20330
"176",2023-05-16 04:00:00,0.289999999999964,0.359999999999957,-0.169999999999959,-0.310000000000002,13457,289.11,-0.25,240,-0.134199999999964,0.0300000000000296,-0.0699999999999932,-0.0100000000000477,23696
"177",2023-05-16 05:00:00,-0.370000000000005,-0.509999999999991,-0.25,-0.25,2800,288.86,-0.259999999999991,300,0.289999999999964,-0.310000000000002,0.359999999999957,-0.169999999999959,13457
"178",2023-05-16 06:00:00,-0.549999999999955,-0.109999999999957,-0.259999999999991,0.240000000000009,8210,288.6,0.299999999999955,360,-0.370000000000005,-0.25,-0.509999999999991,-0.25,2800
"179",2023-05-16 07:00:00,0.479999999999961,0.269999999999982,0.299999999999955,-0.0500000000000114,22259,288.9,-0.689999999999998,420,-0.549999999999955,0.240000000000009,-0.109999999999957,-0.259999999999991,8210
"180",2023-05-16 08:00:00,0.00139999999998963,0.139999999999986,-0.689999999999998,-0.75,98023,288.21,-0.0600000000000023,480,0.479999999999961,-0.0500000000000114,0.269999999999982,0.299999999999955,22259
"181",2023-05-16 09:00:00,-0.97139999999996,3.43000000000001,-0.0600000000000023,4.495,5984312,288.15,2.63,540,0.00139999999998963,-0.75,0.139999999999986,-0.689999999999998,98023
"182",2023-05-16 10:00:00,4.53999999999996,0.579999999999984,2.63,0.264599999999973,6180507,290.78,2.21000000000004,600,-0.97139999999996,4.495,3.43000000000001,-0.0600000000000023,5984312
"183",2023-05-16 11:00:00,0.265000000000043,2.67000000000002,2.21000000000004,3.06540000000001,6438792,292.99,2.64999999999998,660,4.53999999999996,0.264599999999973,0.579999999999984,2.63,6180507
"184",2023-05-16 12:00:00,3.08999999999997,1.90899999999999,2.64999999999998,2.03399999999999,6069343,295.64,-0.269999999999982,720,0.265000000000043,3.06540000000001,2.67000000000002,2.21000000000004,6438792
"185",2023-05-16 13:00:00,2.03500000000003,0.540999999999997,-0.269999999999982,-2.589,6327928,295.37,-0.759999999999991,780,3.08999999999997,2.03399999999999,1.90899999999999,2.64999999999998,6069343
"186",2023-05-16 14:00:00,-2.58000000000004,-2.13,-0.759999999999991,-0.300000000000011,4654883,294.61,-2.77000000000004,840,2.03500000000003,-2.589,0.540999999999997,-0.269999999999982,6327928
"187",2023-05-16 15:00:00,-0.369899999999973,-1.27999999999997,-2.77000000000004,-3.15999999999997,7190895,291.84,0.0574000000000296,900,-2.58000000000004,-0.300000000000011,-2.13,-0.759999999999991,4654883
"188",2023-05-16 16:00:00,-3.08010000000002,-2.49000000000001,0.0574000000000296,0.589999999999975,524398,291.8974,0.752599999999973,960,-0.369899999999973,-3.15999999999997,-1.27999999999997,-2.77000000000004,7190895
"189",2023-05-16 17:00:00,0.54000000000002,0.199999999999989,0.752599999999973,0.170000000000016,22671,292.65,0.240000000000009,1020,-3.08010000000002,0.589999999999975,-2.49000000000001,0.0574000000000296,524398
"190",2023-05-16 18:00:00,0.21999999999997,0.449999999999989,0.240000000000009,0.310000000000002,62503,292.89,0.259999999999991,1080,0.54000000000002,0.170000000000016,0.199999999999989,0.752599999999973,22671
"191",2023-05-16 19:00:00,0.340000000000032,0.550000000000011,0.259999999999991,0.550000000000011,51937,293.15,0.110000000000014,1140,0.21999999999997,0.310000000000002,0.449999999999989,0.240000000000009,62503
"192",2023-05-17 04:00:00,0.169999999999959,-0.120000000000005,0.110000000000014,-0.379999999999995,14874,293.26,-0.0299999999999727,240,0.340000000000032,0.550000000000011,0.550000000000011,0.259999999999991,51937
"193",2023-05-17 05:00:00,0,-0.199999999999989,-0.0299999999999727,0.299999999999955,7548,293.23,0.21999999999997,300,0.169999999999959,-0.379999999999995,-0.120000000000005,0.110000000000014,14874
"194",2023-05-17 06:00:00,0.170000000000016,2.01999999999998,0.21999999999997,1.34000000000003,58789,293.45,1.05000000000001,360,0,0.299999999999955,-0.199999999999989,-0.0299999999999727,7548
"195",2023-05-17 07:00:00,1.43000000000001,1.60000000000002,1.05000000000001,0.779999999999973,139067,294.5,-1.92000000000002,420,0.170000000000016,1.34000000000003,2.01999999999998,0.21999999999997,58789
"196",2023-05-17 08:00:00,-0.089999999999975,-0.300000000000011,-1.92000000000002,0.129999999999995,296565,292.58,1.7201,480,1.43000000000001,0.779999999999973,1.60000000000002,1.05000000000001,139067
"197",2023-05-17 09:00:00,0.939999999999998,-0.620000000000005,1.7201,-0.489999999999952,5352068,294.3001,0.811399999999992,540,-0.089999999999975,0.129999999999995,-0.300000000000011,-1.92000000000002,296565
"198",2023-05-17 10:00:00,-0.450000000000045,2.14999999999998,0.811399999999992,2.40999999999997,7187012,295.1115,1.14850000000001,600,0.939999999999998,-0.489999999999952,-0.620000000000005,1.7201,5352068
"199",2023-05-17 11:00:00,2.3886,-0.329999999999984,1.14850000000001,0.0699999999999932,4153962,296.26,0.840000000000032,660,-0.450000000000045,2.40999999999997,2.14999999999998,0.811399999999992,7187012
"200",2023-05-17 12:00:00,0.0914000000000215,1.02000000000004,0.840000000000032,0.980000000000018,4059696,297.1,1.60999999999996,720,2.3886,0.0699999999999932,-0.329999999999984,1.14850000000001,4153962
"201",2023-05-17 13:00:00,1,1.59859999999998,1.60999999999996,1.71539999999999,6987513,298.71,0.770000000000039,780,0.0914000000000215,0.980000000000018,1.02000000000004,0.840000000000032,4059696
"202",2023-05-17 14:00:00,1.685,0.121399999999994,0.770000000000039,-0.5154,4491490,299.48,0.209099999999978,840,1,1.71539999999999,1.59859999999998,1.60999999999996,6987513
"203",2023-05-17 15:00:00,-0.524999999999977,1.05000000000001,0.209099999999978,1.75999999999999,7041640,299.6891,1.96089999999998,900,1.685,-0.5154,0.121399999999994,0.770000000000039,4491490
"204",2023-05-17 16:00:00,1.76999999999998,1.15999999999997,1.96089999999998,0.819999999999993,739696,301.65,0.800000000000011,960,-0.524999999999977,1.75999999999999,1.05000000000001,0.209099999999978,7041640
"205",2023-05-17 17:00:00,0.870000000000005,-0.300099999999986,0.800000000000011,0.0500000000000114,446929,302.45,-0.0500000000000114,1020,1.76999999999998,0.819999999999993,1.15999999999997,1.96089999999998,739696
"206",2023-05-17 18:00:00,0.0500000000000114,0.150100000000009,-0.0500000000000114,0.099899999999991,73222,302.4,0.379999999999995,1080,0.870000000000005,0.0500000000000114,-0.300099999999986,0.800000000000011,446929
"207",2023-05-17 19:00:00,0.0600000000000023,0.490000000000009,0.379999999999995,0.300100000000043,86548,302.78,-0.089999999999975,1140,0.0500000000000114,0.099899999999991,0.150100000000009,-0.0500000000000114,73222
"208",2023-05-18 04:00:00,-0.100000000000023,1.09999999999997,-0.089999999999975,0.909999999999968,47762,302.69,0.310000000000002,240,0.0600000000000023,0.300100000000043,0.490000000000009,0.379999999999995,86548
"209",2023-05-18 05:00:00,1.31999999999999,-0.139999999999986,0.310000000000002,0.0699999999999932,35717,303,0.800000000000011,300,-0.100000000000023,0.909999999999968,1.09999999999997,-0.089999999999975,47762
"210",2023-05-18 06:00:00,-0.20999999999998,2,0.800000000000011,1.33000000000004,58001,303.8,1.50999999999999,360,1.31999999999999,0.0699999999999932,-0.139999999999986,0.310000000000002,35717
"211",2023-05-18 07:00:00,1.57999999999998,-0.189999999999998,1.50999999999999,0.149999999999977,149265,305.31,-2.97000000000003,420,-0.20999999999998,1.33000000000004,2,0.800000000000011,58001
"212",2023-05-18 08:00:00,0.0199999999999818,-0.00999999999999091,-2.97000000000003,-1.17000000000002,596474,302.34,0.860000000000014,480,1.57999999999998,0.149999999999977,-0.189999999999998,1.50999999999999,149265
"213",2023-05-18 09:00:00,-1,2.06990000000002,0.860000000000014,3.57990000000001,8963557,303.2,4.36860000000001,540,0.0199999999999818,-1.17000000000002,-0.00999999999999091,-2.97000000000003,596474
"214",2023-05-18 10:00:00,3.54500000000002,3.06299999999999,4.36860000000001,3.34280000000001,11061963,307.5686,3.60640000000001,600,-1,3.57990000000001,2.06990000000002,0.860000000000014,8963557
"215",2023-05-18 11:00:00,3.37,6.8571,3.60640000000001,4.9873,14312562,311.175,0.384999999999991,660,3.54500000000002,3.34280000000001,3.06299999999999,4.36860000000001,11061963
"216",2023-05-18 12:00:00,4.98500000000001,-1.63999999999999,0.384999999999991,-1.37,9787014,311.56,0.939999999999998,720,3.37,4.9873,6.8571,3.60640000000001,14312562
"217",2023-05-18 13:00:00,-1.37170000000003,0.319999999999993,0.939999999999998,-2.19999999999999,7634834,312.5,0.035000000000025,780,4.98500000000001,-1.37,-1.63999999999999,0.384999999999991,9787014
"218",2023-05-18 14:00:00,-2.20829999999995,-0.170000000000016,0.035000000000025,3.97999999999996,7249076,312.535,3.04509999999999,840,-1.37170000000003,-2.19999999999999,0.319999999999993,0.939999999999998,7634834
"219",2023-05-18 15:00:00,4.0342,1.52999999999997,3.04509999999999,0.0790000000000077,11184726,315.5801,0.3399,900,-2.20829999999995,3.97999999999996,-0.170000000000016,0.035000000000025,7249076
"220",2023-05-18 16:00:00,0.025799999999947,-1.28999999999996,0.3399,0.0518000000000143,704314,315.92,0.979999999999961,960,4.0342,0.0790000000000077,1.52999999999997,3.04509999999999,11184726
"221",2023-05-18 17:00:00,0.180000000000007,0.95999999999998,0.979999999999961,0.67919999999998,619600,316.9,0.300000000000011,1020,0.025799999999947,0.0518000000000143,-1.28999999999996,0.3399,704314
"222",2023-05-18 18:00:00,0.629999999999995,0.949999999999989,0.300000000000011,1.37479999999999,130147,317.2,0.78000000000003,1080,0.180000000000007,0.67919999999998,0.95999999999998,0.979999999999961,619600
"223",2023-05-18 19:00:00,1.27000000000004,0.180000000000007,0.78000000000003,-0.394799999999975,129946,317.98,-0.680000000000007,1140,0.629999999999995,1.37479999999999,0.949999999999989,0.300000000000011,130147
"224",2023-05-19 04:00:00,-0.960000000000036,-0.829999999999984,-0.680000000000007,-0.25,32112,317.3,0.399999999999977,240,1.27000000000004,-0.394799999999975,0.180000000000007,0.78000000000003,129946
"225",2023-05-19 05:00:00,0.189999999999998,0,0.399999999999977,0,19278,317.7,-2.71999999999997,300,-0.960000000000036,-0.25,-0.829999999999984,-0.680000000000007,32112
"226",2023-05-19 06:00:00,-0.089999999999975,0.0799999999999841,-2.71999999999997,-2.91000000000003,60816,314.98,0.109999999999957,360,0.189999999999998,0,0,0.399999999999977,19278
"227",2023-05-19 07:00:00,-2.69,-1.52999999999997,0.109999999999957,0.370000000000005,154142,315.09,-0.509999999999991,420,-0.089999999999975,-2.91000000000003,0.0799999999999841,-2.71999999999997,60816
"228",2023-05-19 08:00:00,0.670000000000016,1.69999999999999,-0.509999999999991,0.490000000000009,293478,314.58,-3.90999999999997,480,-2.69,0.370000000000005,-1.52999999999997,0.109999999999957,154142
"229",2023-05-19 09:00:00,0.256399999999985,-2.20010000000002,-3.90999999999997,-3.72120000000001,8950912,310.67,-1.50999999999999,540,0.670000000000016,0.490000000000009,1.69999999999999,-0.509999999999991,293478
"230",2023-05-19 10:00:00,-3.79640000000001,-3.24989999999997,-1.50999999999999,-2.61379999999997,9187916,309.16,0.349999999999966,600,0.256399999999985,-3.72120000000001,-2.20010000000002,-3.90999999999997,8950912
"231",2023-05-19 11:00:00,-2.59449999999998,0.439999999999998,0.349999999999966,2.76689999999996,8100754,309.51,2.18000000000001,660,-3.79640000000001,-2.61379999999997,-3.24989999999997,-1.50999999999999,9187916
"232",2023-05-19 12:00:00,2.78449999999998,1.49000000000001,2.18000000000001,0.690200000000004,5665574,311.69,0.480000000000018,720,-2.59449999999998,2.76689999999996,0.439999999999998,0.349999999999966,8100754
"233",2023-05-19 13:00:00,0.709900000000005,-1.40010000000001,0.480000000000018,-1.07209999999998,3295645,312.17,-1.04000000000002,780,2.78449999999998,0.690200000000004,1.49000000000001,2.18000000000001,5665574
"234",2023-05-19 14:00:00,-1.06990000000002,-0.429900000000032,-1.04000000000002,0.729199999999992,3590363,311.13,1.26999999999998,840,0.709900000000005,-1.07209999999998,-1.40010000000001,0.480000000000018,3295645
"235",2023-05-19 15:00:00,0.715000000000032,0.220000000000027,1.26999999999998,-0.344200000000001,4828891,312.4,-0.25,900,-1.06990000000002,0.729199999999992,-0.429900000000032,-1.04000000000002,3590363
"236",2023-05-19 16:00:00,-0.345000000000027,-0.670000000000016,-0.25,-0.454999999999984,1043055,312.15,-0.599999999999966,960,0.715000000000032,-0.344200000000001,0.220000000000027,1.26999999999998,4828891
"237",2023-05-19 17:00:00,-0.45999999999998,-0.149999999999977,-0.599999999999966,-0.579999999999984,104399,311.55,-0.0400000000000205,1020,-0.345000000000027,-0.454999999999984,-0.670000000000016,-0.25,1043055
"238",2023-05-19 18:00:00,-0.653900000000021,-0.550000000000011,-0.0400000000000205,0.399999999999977,31038,311.51,0.29000000000002,1080,-0.45999999999998,-0.579999999999984,-0.149999999999977,-0.599999999999966,104399
"239",2023-05-19 19:00:00,0.453900000000033,0.0500000000000114,0.29000000000002,-0.0799999999999841,50099,311.8,-2.59000000000003,1140,-0.653900000000021,0.399999999999977,-0.550000000000011,-0.0400000000000205,31038
"240",2023-05-22 04:00:00,2.89999999999998,2.82999999999998,-2.59000000000003,-2.35000000000002,50536,309.21,-1.37,240,0.453900000000033,-0.0799999999999841,0.0500000000000114,0.29000000000002,50099
"241",2023-05-22 05:00:00,-5.52999999999997,-5.39999999999998,-1.37,-1.73000000000002,52801,307.84,-0.42999999999995,300,2.89999999999998,-2.35000000000002,2.82999999999998,-2.59000000000003,50536
"242",2023-05-22 06:00:00,-1.65000000000003,-0.110000000000014,-0.42999999999995,1.51000000000005,62706,307.41,1.63,360,-5.52999999999997,-1.73000000000002,-5.39999999999998,-1.37,52801
"243",2023-05-22 07:00:00,1.34000000000003,1.13,1.63,1,166442,309.04,0.207699999999988,420,-1.65000000000003,1.51000000000005,-0.110000000000014,-0.42999999999995,62706
"244",2023-05-22 08:00:00,2.00999999999999,2.30000000000001,0.207699999999988,-0.100000000000023,284920,309.2477,-2.4477,480,1.34000000000003,1,1.13,1.63,166442
"245",2023-05-22 09:00:00,-0.800000000000011,0.824999999999989,-2.4477,2.55000000000001,8500131,306.8,3.90999999999997,540,2.00999999999999,-0.100000000000023,2.30000000000001,0.207699999999988,284920
"246",2023-05-22 10:00:00,2.61000000000001,1.57499999999999,3.90999999999997,0.920000000000016,8252501,310.71,1.12,600,-0.800000000000011,2.55000000000001,0.824999999999989,-2.4477,8500131
"247",2023-05-22 11:00:00,0.865000000000009,-1.19999999999999,1.12,-1.21160000000003,3923357,311.83,-0.329999999999984,660,2.61000000000001,0.920000000000016,1.57499999999999,3.90999999999997,8252501
"248",2023-05-22 12:00:00,-1.23500000000001,-0.389999999999986,-0.329999999999984,-0.108400000000017,3449543,311.5,0.208900000000028,720,0.865000000000009,-1.21160000000003,-1.19999999999999,1.12,3923357
"249",2023-05-22 13:00:00,-0.0790000000000077,0.379999999999995,0.208900000000028,0.938300000000027,2979417,311.7089,1.08109999999999,780,-1.23500000000001,-0.108400000000017,-0.389999999999986,-0.329999999999984,3449543
"250",2023-05-22 14:00:00,0.923299999999983,0.158500000000004,1.08109999999999,-0.0183000000000106,2399818,312.79,-1.76500000000004,840,-0.0790000000000077,0.938300000000027,0.379999999999995,0.208900000000028,2979417
"251",2023-05-22 15:00:00,-0.0392999999999688,-0.678499999999985,-1.76500000000004,-1.5,4466340,311.025,0.475000000000023,900,0.923299999999983,-0.0183000000000106,0.158500000000004,1.08109999999999,2399818
"252",2023-05-22 16:00:00,-1.53500000000003,-1.37,0.475000000000023,0.180000000000007,799635,311.5,0.110000000000014,960,-0.0392999999999688,-1.5,-0.678499999999985,-1.76500000000004,4466340
"253",2023-05-22 17:00:00,0.180000000000007,-0.100000000000023,0.110000000000014,-0.220000000000027,127071,311.61,0.169999999999959,1020,-1.53500000000003,0.180000000000007,-1.37,0.475000000000023,799635
"254",2023-05-22 18:00:00,-0.160000000000025,0.269999999999982,0.169999999999959,0.390000000000043,20662,311.78,0.400000000000034,1080,0.180000000000007,-0.220000000000027,-0.100000000000023,0.110000000000014,127071
"255",2023-05-22 19:00:00,0.400000000000034,0.900000000000034,0.400000000000034,0.779999999999973,40037,312.18,-0.980000000000018,1140,-0.160000000000025,0.390000000000043,0.269999999999982,0.169999999999959,20662
"256",2023-05-23 04:00:00,-0.110000000000014,-1.10000000000002,-0.980000000000018,-1.74000000000001,27192,311.2,-1.30000000000001,240,0.400000000000034,0.779999999999973,0.900000000000034,0.400000000000034,40037
"257",2023-05-23 05:00:00,-0.680000000000007,-0.639999999999986,-1.30000000000001,-1.13999999999999,12777,309.9,0.110000000000014,300,-0.110000000000014,-1.74000000000001,-1.10000000000002,-0.980000000000018,27192
"258",2023-05-23 06:00:00,-1.38,-0.430000000000007,0.110000000000014,0.680000000000007,10995,310.01,0.519999999999982,360,-0.680000000000007,-1.13999999999999,-0.639999999999986,-1.30000000000001,12777
"259",2023-05-23 07:00:00,0.519999999999982,0.5,0.519999999999982,-0.0500000000000114,78349,310.53,0.0900000000000318,420,-1.38,0.680000000000007,-0.430000000000007,0.110000000000014,10995
"260",2023-05-23 08:00:00,0.730000000000018,2,0.0900000000000318,1.31999999999999,290033,310.62,-1.11000000000001,480,0.519999999999982,-0.0500000000000114,0.5,0.519999999999982,78349
"261",2023-05-23 09:00:00,0.740000000000009,-0.620000000000005,-1.11000000000001,-0.194999999999993,5974377,309.51,-0.00999999999999091,540,0.730000000000018,1.31999999999999,2,0.0900000000000318,290033
"262",2023-05-23 10:00:00,-0.214999999999975,-0.360000000000014,-0.00999999999999091,-1.88499999999999,5189787,309.5,-2.35000000000002,600,0.740000000000009,-0.194999999999993,-0.620000000000005,-1.11000000000001,5974377
"263",2023-05-23 11:00:00,-1.83500000000004,-1.87,-2.35000000000002,-1.25,4952779,307.15,-0.199999999999989,660,-0.214999999999975,-1.88499999999999,-0.360000000000014,-0.00999999999999091,5189787
"264",2023-05-23 12:00:00,-1.28089999999997,-1.54999999999995,-0.199999999999989,-0.910000000000025,4034311,306.95,0.180100000000039,720,-1.83500000000004,-1.25,-1.87,-2.35000000000002,4952779
"265",2023-05-23 13:00:00,-0.880200000000002,0.129899999999964,0.180100000000039,0.060100000000034,3508893,307.1301,-0.820100000000025,780,-1.28089999999997,-0.910000000000025,-1.54999999999995,-0.199999999999989,4034311
"266",2023-05-23 14:00:00,0.0810999999999922,-0.319899999999961,-0.820100000000025,-0.547500000000014,3160480,306.31,0.350000000000023,840,-0.880200000000002,0.060100000000034,0.129899999999964,0.180100000000039,3508893
"267",2023-05-23 15:00:00,-0.564999999999998,-0.420000000000016,0.350000000000023,-0.452600000000018,5731060,306.66,-0.470000000000027,900,0.0810999999999922,-0.547500000000014,-0.319899999999961,-0.820100000000025,3160480
"268",2023-05-23 16:00:00,-0.425000000000011,-1.19,-0.470000000000027,0.410000000000025,838652,306.19,0.70999999999998,960,-0.564999999999998,-0.452600000000018,-0.420000000000016,0.350000000000023,5731060
"269",2023-05-23 17:00:00,0.364300000000014,-0.0500000000000114,0.70999999999998,-0.300000000000011,38929,306.9,0.180000000000007,1020,-0.425000000000011,0.410000000000025,-1.19,-0.470000000000027,838652
"270",2023-05-23 18:00:00,-0.144299999999987,0.0699999999999932,0.180000000000007,0.150199999999984,25411,307.08,0.0200000000000387,1080,0.364300000000014,-0.300000000000011,-0.0500000000000114,0.70999999999998,38929
"271",2023-05-23 19:00:00,0.109999999999957,-0.00999999999999091,0.0200000000000387,0.0998000000000161,44001,307.1,-2.59000000000003,1140,-0.144299999999987,0.150199999999984,0.0699999999999932,0.180000000000007,25411
"272",2023-05-24 04:00:00,-2.69999999999999,-1.05000000000001,-2.59000000000003,-1.75,26796,304.51,-0.310000000000002,240,0.109999999999957,0.0998000000000161,-0.00999999999999091,0.0200000000000387,44001
"273",2023-05-24 05:00:00,1.25999999999999,-0.45999999999998,-0.310000000000002,-1,28617,304.2,-0.529999999999973,300,-2.69999999999999,-1.75,-1.05000000000001,-2.59000000000003,26796
"274",2023-05-24 06:00:00,-1.28999999999996,-1.12,-0.529999999999973,-0.180000000000007,26001,303.67,-1.06,360,1.25999999999999,-1,-0.45999999999998,-0.310000000000002,28617
"275",2023-05-24 07:00:00,-0.210000000000036,-0.180000000000007,-1.06,-0.870000000000005,227302,302.61,-0.350000000000023,420,-1.28999999999996,-0.180000000000007,-1.12,-0.529999999999973,26001
"276",2023-05-24 08:00:00,0.0699999999999932,3.76999999999998,-0.350000000000023,-0.829999999999984,317295,302.26,-2.00999999999999,480,-0.210000000000036,-0.870000000000005,-0.180000000000007,-1.06,227302
"277",2023-05-24 09:00:00,-1.78999999999996,-5.07999999999998,-2.00999999999999,-0.849999999999966,7006067,300.25,-2.18970000000002,540,0.0699999999999932,-0.829999999999984,3.76999999999998,-0.350000000000023,317295
"278",2023-05-24 10:00:00,-0.819999999999993,-0.839999999999975,-2.18970000000002,-3.05010000000004,8771624,298.0603,-0.000299999999981537,600,-1.78999999999996,-0.849999999999966,-5.07999999999998,-2.00999999999999,7006067
"279",2023-05-24 11:00:00,-3.11000000000001,-1.70000000000005,-0.000299999999981537,1.07510000000002,5905946,298.06,1.06569999999999,660,-0.819999999999993,-3.05010000000004,-0.839999999999975,-2.18970000000002,8771624
"280",2023-05-24 12:00:00,1.15069999999997,0.550000000000011,1.06569999999999,0.254999999999995,4105470,299.1257,-0.244899999999973,720,-3.11000000000001,1.07510000000002,-1.70000000000005,-0.000299999999981537,5905946
"281",2023-05-24 13:00:00,0.229300000000023,-0.509999999999991,-0.244899999999973,0.639200000000017,3731993,298.8808,1.04919999999998,780,1.15069999999997,0.254999999999995,0.550000000000011,1.06569999999999,4105470
"282",2023-05-24 14:00:00,0.629999999999995,1.56,1.04919999999998,-0.214200000000005,5031102,299.93,-0.120000000000005,840,0.229300000000023,0.639200000000017,-0.509999999999991,-0.244899999999973,3731993
"283",2023-05-24 15:00:00,-0.204999999999984,3.81999999999999,-0.120000000000005,4.98500000000001,13096067,299.81,1.90440000000001,900,0.629999999999995,-0.214200000000005,1.56,1.04919999999998,5031102
"284",2023-05-24 16:00:00,4.95499999999998,63.93,1.90440000000001,61.59,11563040,301.7144,65.2756,960,-0.204999999999984,4.98500000000001,3.81999999999999,-0.120000000000005,13096067
"285",2023-05-24 17:00:00,61.6387,25,65.2756,19.52,6941980,366.99,9.61000000000001,1020,4.95499999999998,61.59,63.93,1.90440000000001,11563040
"286",2023-05-24 18:00:00,19.7213,-5.00999999999999,9.61000000000001,-7.51999999999998,2553950,376.6,0.399999999999977,1080,61.6387,19.52,25,65.2756,6941980
"287",2023-05-24 19:00:00,-7.54000000000002,-5.5,0.399999999999977,1.6001,1702915,377,-6.29000000000002,1140,19.7213,-7.51999999999998,-5.00999999999999,9.61000000000001,2553950
"288",2023-05-25 04:00:00,-6.97999999999996,-2.13999999999999,-6.29000000000002,-1.70010000000002,1049190,370.71,7.51000000000005,240,-7.54000000000002,1.6001,-5.5,0.399999999999977,1702915
"289",2023-05-25 05:00:00,6.67999999999995,2.34999999999997,7.51000000000005,5.30000000000001,351008,378.22,5.27999999999997,300,-6.97999999999996,-1.70010000000002,-2.13999999999999,-6.29000000000002,1049190
"290",2023-05-25 06:00:00,5.37,6.30000000000001,5.27999999999997,5.30000000000001,632863,383.5,2.95999999999998,360,6.67999999999995,5.30000000000001,2.34999999999997,7.51000000000005,351008
"291",2023-05-25 07:00:00,4.75,3.98000000000002,2.95999999999998,4.5,2071686,386.46,-19.56,420,5.37,5.30000000000001,6.30000000000001,5.27999999999997,632863
"292",2023-05-25 08:00:00,0.150000000000034,4.51999999999998,-19.56,0.680000000000007,4860834,366.9,-0.549999999999955,480,4.75,4.5,3.98000000000002,2.95999999999998,2071686
"293",2023-05-25 09:00:00,5.50999999999999,-2.19999999999999,-0.549999999999955,-15.18,38695956,366.35,10.65,540,0.150000000000034,0.680000000000007,4.51999999999998,-19.56,4860834
"294",2023-05-25 10:00:00,-15.23,-12.0155,10.65,2.29000000000002,26217577,377,3.33999999999997,600,5.50999999999999,-15.18,-2.19999999999999,-0.549999999999955,38695956
"295",2023-05-25 11:00:00,2.30500000000001,9.51550000000003,3.33999999999997,3.50999999999999,25376226,380.34,1.67010000000005,660,-15.23,2.29000000000002,-12.0155,10.65,26217577
"296",2023-05-25 12:00:00,3.59500000000003,-6.84000000000003,1.67010000000005,1.87939999999998,13432785,382.0101,2.2199,720,2.30500000000001,3.50999999999999,9.51550000000003,3.33999999999997,25376226
"297",2023-05-25 13:00:00,1.85999999999996,0.990000000000009,2.2199,-2.28749999999997,9010555,384.23,-3.27860000000004,780,3.59500000000003,1.87939999999998,-6.84000000000003,1.67010000000005,13432785
"298",2023-05-25 14:00:00,-2.25,-2.97999999999996,-3.27860000000004,-2.86190000000005,9704318,380.9514,-3.15139999999997,840,1.85999999999996,-2.28749999999997,0.990000000000009,2.2199,9010555
"299",2023-05-25 15:00:00,-2.93000000000001,-0.490000000000009,-3.15139999999997,-2.23999999999995,16772456,377.8,0,900,-2.25,-2.86190000000005,-2.97999999999996,-3.27860000000004,9704318
"300",2023-05-25 16:00:00,-2.29999999999995,2.91999999999996,0,-1.52000000000004,3197828,377.8,-1.13999999999999,960,-2.93000000000001,-2.23999999999995,-0.490000000000009,-3.15139999999997,16772456
"301",2023-05-25 17:00:00,-1.46000000000004,-8.59999999999997,-1.13999999999999,0.480000000000018,193369,376.66,1.42999999999995,1020,-2.29999999999995,-1.52000000000004,2.91999999999996,0,3197828
"302",2023-05-25 18:00:00,0.53000000000003,-0.600000000000023,1.42999999999995,-0.25,76779,378.09,-0.139999999999986,1080,-1.46000000000004,0.480000000000018,-8.59999999999997,-1.13999999999999,193369
"303",2023-05-25 19:00:00,-0.0900000000000318,-0.229999999999961,-0.139999999999986,-0.550000000000011,89367,377.95,-0.279999999999973,1140,0.53000000000003,-0.25,-0.600000000000023,1.42999999999995,76779
"304",2023-05-26 04:00:00,-0.310000000000002,2.04999999999995,-0.279999999999973,2.44,43310,377.67,0.829999999999984,240,-0.0900000000000318,-0.550000000000011,-0.229999999999961,-0.139999999999986,89367
"305",2023-05-26 05:00:00,1.99000000000001,-0.620000000000005,0.829999999999984,-1.53999999999996,22554,378.5,0.5,300,-0.310000000000002,2.44,2.04999999999995,-0.279999999999973,43310
"306",2023-05-26 06:00:00,-1.38999999999999,1.60000000000002,0.5,2.88999999999999,65735,379,2.19999999999999,360,1.99000000000001,-1.53999999999996,-0.620000000000005,0.829999999999984,22554
"307",2023-05-26 07:00:00,2.64999999999998,1.44999999999999,2.19999999999999,0.0600000000000023,235765,381.2,-7.19,420,-1.38999999999999,2.88999999999999,1.60000000000002,0.5,65735
"308",2023-05-26 08:00:00,0.350000000000023,0.0400000000000205,-7.19,-1.19999999999999,520541,374.01,1.49000000000001,480,2.64999999999998,0.0600000000000023,1.44999999999999,2.19999999999999,235765
"309",2023-05-26 09:00:00,-1.35000000000002,-1.44,1.49000000000001,-0.44500000000005,11733005,375.5,3.08280000000002,540,0.350000000000023,-1.19999999999999,0.0400000000000205,-7.19,520541
"310",2023-05-26 10:00:00,-0.46999999999997,5.52999999999997,3.08280000000002,5.31170000000003,12823868,378.5828,2.66719999999998,600,-1.35000000000002,-0.44500000000005,-1.44,1.49000000000001,11733005
"311",2023-05-26 11:00:00,5.33999999999997,-0.180000000000007,2.66719999999998,1.0283,11047613,381.25,3.76999999999998,660,-0.46999999999997,5.31170000000003,5.52999999999997,3.08280000000002,12823868
"312",2023-05-26 12:00:00,0.975000000000023,2.76860000000005,3.76999999999998,1.71999999999997,8348550,385.02,1.25,720,5.33999999999997,1.0283,-0.180000000000007,2.66719999999998,11047613
"313",2023-05-26 13:00:00,1.745,-0.168600000000026,1.25,0.66500000000002,5118646,386.27,1.23000000000002,780,0.975000000000023,1.71999999999997,2.76860000000005,3.76999999999998,8348550
"314",2023-05-26 14:00:00,0.649999999999977,-0.0199999999999818,1.23000000000002,-0.350000000000023,6051809,387.5,0.75,840,1.745,0.66500000000002,-0.168600000000026,1.25,5118646
"315",2023-05-26 15:00:00,-0.319999999999993,1.71999999999997,0.75,0.710000000000036,10260238,388.25,0.759999999999991,900,0.649999999999977,-0.350000000000023,-0.0199999999999818,1.23000000000002,6051809
"316",2023-05-26 16:00:00,0.889999999999986,-0.199999999999989,0.759999999999991,0.480000000000018,1166330,389.01,0.490000000000009,960,-0.319999999999993,0.710000000000036,1.71999999999997,0.75,10260238
"317",2023-05-26 17:00:00,0.29000000000002,-1.05000000000001,0.490000000000009,0.0799999999999841,66757,389.5,0.110000000000014,1020,0.889999999999986,0.480000000000018,-0.199999999999989,0.759999999999991,1166330
"318",2023-05-26 18:00:00,0.0799999999999841,-0.300099999999986,0.110000000000014,0.20999999999998,42885,389.61,0.370000000000005,1080,0.29000000000002,0.0799999999999841,-1.05000000000001,0.490000000000009,66757
